xml2..url_absolute.urls..main_url.,V2
http://db.hitap.net/articles/3599,"





ปัจจัยทำนายคุณภาพชีวิตผู้ป่วยวัยผู้ใหญ่ตอนต้นที่มีภาวะกล้ามเนื้อหัวใจขาดเลือด
ทิพย์สุดา พรหมดนตรี, จินตนา ดำเกลี้ยง*, วิภา แซ่เซี้ย

คณะพยาบาลศาสตร์ มหาวิทยาลัยสงขลานครินทร์ จังหวัดสงขลา






บทคัดย่อ

	
		วัตถุประสงค์: การวิจัยนี้มีวัตถุประสงค์เพื่อ 1) ศึกษาระดับของคุณภาพชีวิตของผู้ป่วยวัยผู้ใหญ่ตอนต้นที่มีภาวะกล้ามเนื้อหัวใจขาดเลือด และ 2) ศึกษาปัจจัยทำนาย (สมรรถนะของหัวใจ การสูบบุหรี่ การดื่มแอลกอฮอล์ กิจกรรมทางกายและการสนับสนุนทางสังคม) ต่อคุณภาพชีวิต
	
		วิธีการ: กลุ่มตัวอย่างคือผู้ป่วยวัยผู้ใหญ่ตอนต้น อายุ 18-45 ปี ได้รับการวินิจฉัยภาวะกล้ามเนื้อหัวใจขาดเลือด จำนวน 90 ราย เครื่องมือที่ใช้ในการเก็บข้อมูล ได้แก่ 1) แบบสอบถามข้อมูลส่วนบุคคล ข้อมูลเกี่ยวกับภาวะสุขภาพ และข้อมูลเกี่ยวกับภาวะกล้ามเนื้อหัวใจขาดเลือด 2) แบบสอบถามกิจกรรมทางกาย 3) แบบประเมินการสนับสนุนทางสังคมแบบพหุมิติ และ 4) แบบสอบถามคุณภาพชีวิต ซึ่งผ่านการตรวจสอบความ
	
		ตรงตามเนื้อหาและวิเคราะห์ความเที่ยงโดยคำนวณหาค่าสัมประสิทธิ์แอลฟ่าของครอนบาค เท่ากับ .88 .94 และ .96 ตามลำดับ วิเคราะห์ข้อมูลด้วยสถิติบรรยายและการวิเคราะห์ถดถอยพหุคูณ
	
		ผลการศึกษา: คุณภาพชีวิตของผู้ป่วยวัยผู้ใหญ่ตอนต้นที่มีภาวะกล้ามเนื้อหัวใจขาดเลือดอยู่ในระดับสูง (M = 20.45, SD = 4.10) สมรรถนะของหัวใจ กิจกรรมทางกาย และการสนับสนุนทางสังคม ร่วมกันทำนายคุณภาพชีวิตของผู้ป่วยวัยผู้ใหญ่ตอนต้นที่มีภาวะกล้ามเนื้อหัวใจขาดเลือดได้ร้อยละ 26.30 (Adjusted R2 = .26, F = 11.62, p = .029) และพบว่าการสนับสนุนทางสังคมสามารถทำนายคุณภาพชีวิตได้สูงสุด
	
		(β = .414, p < .001) รองลงมา กิจกรรมทางกาย (β = .264, p = .001) และสมรรถนะของหัวใจ (β = -.160,
	
		p = .037)
	
		สรุป: ผลการศึกษาที่ได้จะเป็นข้อมูลพื้นฐานในการจัดทำโปรแกรมส่งเสริมคุณภาพชีวิตให้แก่ผู้ป่วยวัยผู้ใหญ่ตอนต้นที่มีภาวะกล้ามเนื้อหัวใจขาดเลือด


	 

ที่มา

Journal of Research in Nursing-Midwifery and Health Sciences ปี 2566, January-April
ปีที่: 43 ฉบับที่ 1 หน้า 27-39

คำสำคัญ

Quality of life, คุณภาพชีวิต, Myocardial infarction, คุณภาพชี่วิต, ปัจจัยทำนาย, predicting factors, young adults, ผู้ใหญ่ตอนต้น, ภาวะกล้ามเนื้อหัวใจขาดเลือด





ดาวน์โหลด



แจ้งลิงค์เสีย















"
http://db.hitap.net/articles/3630,"





ผลการใช้สารสกัดกัญชาทางการแพทย์ต่ออาการไม่สุขสบายและคุณภาพชีวิตในผู้ป่วยโรคมะเร็งระยะประคับประคอง
วิธวินท์ ฝักเจริญผล*, วรยศ ดาราสว่าง

กลุ่มงานเวชกรรมสังคม โรงพยาบาลบุรีรัมย์ จังหวัดบุรีรัมย์ ประเทศไทย 31000






บทคัดย่อ

	
		หลักการและเหตุผล: ผู้ป่วยโรคมะเร็งระยะท้ายจำนวนมากต้องเผชิญกับอาการไม่สุขสบาย เช่น อาการปวด เบื่ออาหาร หายใจเหนื่อย นอนไม่หลับ ซึ่งยาในขนานปัจจุบันยังไม่สามารถตอบสนอง ต่ออาการบางอย่างได้ดีจึงได้มีการนำสารสกัดกัญชาทางการแพทย์มาใช้เป็นทางเลือกในผู้ป่วยกลุ่มนี้ อย่างไรก็ตามการศึกษาถึงผลของการใช้สารสกัดกัญชาทางการแพทย์ในผู้ป่วยโรคมะเร็งระยะ ประคับประคองยังคงมีจำกัด งานวิจัยนี้มีวัตถุประสงค์เพื่อศึกษาเปรียบเทียบผลการใช้สารสกัดกัญชาทางการแพทย์ต่ออาการไม่สุขสบายและคุณภาพชีวิตในผู้ป่วยมะเร็งระยะประคับประคอง
	
		วิธีการศึกษา: การศึกษานี้เป็นการวิจัยในกลุ่มเดียวชนิดกึ่งทดลองที่มีการเก็บข้อมูลก่อนและหลัง (Quasi- Experimental study with one group pretest-posttest design) ใช้การเก็บข้อมูลไปข้างหน้าในผู้ป่วยโรคมะเร็งระยะประคับประคองที่ใช้สารสกัดกัญชาทางการแพทย์ ตั้งแต่วันที่ 1 ตุลาคม พ.ศ.2564 - 1 ตุลาคม พ.ศ. 2565 จำนวน 50 คน วัดผลจากแบบประเมินอาการไม่สุขสบาย Edmonton symptom assessment scale (ESAS) มี ค่าความเชื่อมั่น Cronbach's alpha ที่ 0.75 และแบบประเมินคุณภาพชีวิตด้านสุขภาพแบบทั่วไป EQ-5D-5L ฉบับภาษาไทย มีความเที่ยงใน การทดสอบซ้ำอยู่ใน ระดับดี (intra-class correlation coefficient = 0.89) โดยเปรียบเทียบคะแนนอาการไม่สุขสบาย ค่าคะแนนอรรถประโยชน์คุณภาพชีวิตของผู้ป่วย ก่อนและหลังการใช้กัญชาทางการแพทย์เป็นระยะเวลา 2 สัปดาห์ โดยใช้สถิติ Pair T-test โดยกำหนดนัยสำคัญทางสถิติที่ 0.05
	
		ผลการศึกษา: ผู้เข้าร่วมวิจัยทั้งหมด จำนวน 50 คน ส่วนใหญ่เป็นเพศหญิง 28 ราย คิดเป็นร้อยละ 56 มีอายุเฉลี่ย 67.4 ปี ส่วนใหญ่เป็นมะเร็งลำไส้ใหญ่ (Colorectal cancer) จำนวน 19 ราย คิดเป็นร้อยละ 38 เมื่อเปรียบเทียบความแตกต่างก่อนและหลัง การใช้สารสกัดกัญชา ทางการแพทย์ พบว่าอาการไม่สุขสบาย ที่มีความแตกต่างกันอย่างมีนัยสำคัญทางสถิติ ได้แก่ อาการคลื่นไส้อาเจียน (p-value < 0.001) อาการเบื่ออาหาร (p-value =0.007) และอาการเหนื่อยเพลีย (p-value =0.001) ส่วนคุณภาพชีวิต ไม่พบความแตกต่างอย่างมีนัยสำคัญทางสถิติ (p-value=0.227)
	
		สรุป: การใช้สารสกัดกัญชาทางการแพทย์มีประโยชน์ในการบรรเทาอาการคลื่นไส้อาเจียน อาการเบื่ออาหารและอาการเหนื่อยเพลียในผู้ป่วยโรคมะเร็งระยะประคับประคอง จึงควรมีการสนับสนุน เชิงนโยบายให้มีการใช้สารสกัดกัญชาทางการแพทย์ในผู้ป่วยกลุ่มนี้เพิ่มขึ้น


	 

ที่มา

วารสารการแพทย์โรงพยาบาลศรีสะเกษ สุรินทร์ บุรีรัมย์ ปี 2566, January-April
ปีที่: 38 ฉบับที่ 1 หน้า 53-62

คำสำคัญ

Quality of life, คุณภาพชีวิต, คุณภาพชี่วิต, palliative care, medical cannabis, end-stage cancer patient, distressing symptoms, สารสกัดกัญชาทางการแพทย์, ผู้ป่วยมะเร็งระยะประคับประคอง, อาการไม่สุขสบาย





ดาวน์โหลด



แจ้งลิงค์เสีย















"
http://db.hitap.net/articles/3632,"





เปรียบเทียบผลของโปรแกรมการบำบัดความคิดและพฤติกรรม โปรแกรมการบำบัดแนวซาเทียร์โมเดล และโปรแกรมสุขภาพจิตศึกษาร่วมกับแก้ปัญหาในเด็กและวัยรุ่นที่ติดเกมออนไลน์
สุนทรี ศรีโกไสย*, อรพรรณ แอบไธสง, ชฎาพร คำฟู, อนงค์พร ต๊ะคำ

สถาบันพัฒนาการเด็กราชนครินทร์ e-mail: s.srikosai@gmail.com






บทคัดย่อ

	
		วัตถุประสงค์: เพื่อเปรียบเทียบผลของโปรแกรมการบำบัดความคิดและพฤติกรรมโปรแกรมการบำบัดแนวซาเทียร์โมเดล และโปรแกรมสุขภาพจิตศึกษาร่วมกับแก้ปัญหาในเด็กและวัยรุ่นที่ติดเกมออนไลน์ต่อพฤติกรรมติดเกม อาการซึมเศร้า และคุณภาพชีวิตของเด็กและวัยรุ่นที่ติดเกมออนไลน์
	
		วิธีการศึกษา: การวิจัยเชิงทดลองแบบ 3 กลุ่ม วัดผลก่อนทดลอง หลังทดลองทันที และติดตามที่เดือน3 ศึกษาระหว่างตุลาคม 2563 ถึงกุมภาพันธ์ 2565 กลุ่มตัวอย่างคือเด็กและวัยรุ่นที่ได้นับการวินิจฉัยติดเกมหรือเข้าเกณฑ์มีปัญหาพฤติกรรมติดเกมออนไลน์ ถูกสุ่มแบบจับสลากเข้ากลุ่มโปรแกรมการบำบัดความคิดและพฤติกรรมแบบออนไลน์ 25 คน ได้รับกิจกรรม 2 ครั้งต่อสัปดาห์ รวม 8 ครั้ง ๆ ละ 45 – 60 นาที กลุ่มโปรแกรมการบำบัดแนวซาเทียร์โมเดลแบบออนไลน์ 25 คน ได้รับกิจกรรม 2 ครั้งต่อสัปดาห์ รวม 8 ครั้ง ๆ ละ 45 – 60 นาที
		และกลุ่มที่ได้รับโปรแกรมสุขภาพจิตศึกษาร่วมกับแก้ปัญหาแบบออนไลน์ 25 คน ได้รับกิจกรรม 1 ครั้งต่อสัปดาห์ รวม 4 ครั้ง ๆ ละ 30 – 45 นาที เก็บรวบรวมข้อมูลด้วย Game Addiction Screening Test (GAST), Patient Health Questionnaire for Adolescent (PHQ-A) และแบบวัดคุณภาพชีวิตด้านสุขภาพ EuroQoL group – 5 Levels(EQ-5D-5L) วิเคราะห์ข้อมูลด้วย Independent-t test, Friedman test, Wilcoxon Sign Rank test, One-Way Repeated Measures ANOVA, และ Two-Way ANOVA with Repeated Measures
	
		ผลการศึกษา: 1) พฤติกรรมติดเกมอยู่ระหว่าง 3 กลุ่ม คือกลุ่ม Online CBT กลุ่ม Online STST และกลุ่ม Online TAU ไม่มีความแตกต่างกันระหว่างก่อนทดลอง สิ้นสุดการทดลองทันที และที่การติดตาม 3 เดือน (p= .938) 2) อาการซึมเศร้าระหว่าง 3 กลุ่ม ที่การวัด 3 ระยะ มีความแตกต่างกัน ( p = .020) 3) คุณภาพชีวิตด้านค่าอรรถประโยชน์ซึ่งแสดงความพึงพอใจต่อสภาวะสุขภาพองตนเอง ระหว่าง 3 กลุ่ม ที่ทดลองก่อนและการติดตาม 3 เดือน ไม่มีความแตกต่างกัน (p = .674) 4) เปรียบเทียบภายในกลุ่มด้านพฤติกรรมติดเกม พบว่ามีความแตกต่างกันที่การวัด 3 ระยะ ทั้งในกลุ่ม Online CBT, ในกลุ่ม Online STST, และในกลุ่ม Online TAU อาการซึมเศร้าพบมีความแตกต่างเฉพาะภายในกลุ่ม Online TAU ส่วนคุณภาพชีวิตด้านค่าอรรถประโยชน์ไม่มีความแตกต่างกันภายในของแต่ละกลุ่ม
	
		สรุป: การบำบัดเพื่อลดพฤติกรรมติดเกมออนไลน์ ควรพิจารณาเลือกใช้รูปแบบ CBT หรือ Satir model หรือให้สุขภาพจิตศึกษาร่วมกับการแก้ไขปัญหา กรณีช่วยลดอาการซึมเศร้าควรเน้นการให้สุขภาพจิตศึกษาร่วมกับการแก้ไขปัญหา


	 

ที่มา

วารสารพยาบาลจิตเวชและสุขภาพจิต ปี 2566, January-April
ปีที่: 37 ฉบับที่ 1 หน้า 17-48

คำสำคัญ

cognitive behavioral therapy, Satir model psychotherapy, child and adolescent, online gaming addiction, การบาบัดทางความคิดและพฤติกรรม, จิตบาบัดแนวซาเทียร์โมเดล, เด็กและวัยรุ่น, ติดเกมออนไลน์





ดาวน์โหลด



แจ้งลิงค์เสีย















"
http://db.hitap.net/articles/3636,"





ผลของการหยุดยา trihexyphenidyl ต่อการรับรู้ คุณภาพชีวิต และอาการทางจิตในผู้ป่วยจิตเภท: การวิจัยทางคลินิกแบบสุ่มและมีกลุ่มควบคุม
ณัฐธิิดา เวทนาสุข, สมชาย สุริยะไกร*

สาขาวิชาเภสัชกรรมคลินิก คณะเภสัชศาสตร์ มหาวิทยาลัยขอนแก่น จังหวัดขอนแก่น 40002
E-mail: somsur@kku.ac.th






บทคัดย่อ

	
		วัตถุประสงค์: เพื่อศึกษาผลของการหยุดยา trihexyphenidyl ต่อการรับรู้ คุณภาพชีวิต และอาการทางจิตของผู้ป่วยจิตเภท วิธีการ: รูปแบบของการศึกษานี้เป็นการวิจัยทางคลินิกแบบสุ่มและมีกลุ่มควบคุมที่เปรียบเทียบระหว่างกลุ่มผู้ป่วยจิตเภทที่หยุดยา trihexyphenidyl โดยลดขนาดยาลงร้อยละ 25 ต่อเดือน (กลุ่มทดลอง) และกลุ่มที่ไม่ได้หยุดยา (กลุ่มควบคุม) ณ โรงพยาบาลหนองสองห้อง การวัดผลใช้เครื่องมือ 4 ประเภท ได้แก่ 1) แบบประเมินการรับรู้ Montreal Cognitive Assessment (MoCA) ฉบับภาษาไทย 2) แบบประเมินคุณภาพชีวิตขององค์การอนามัยโลกชุดย่อฉบับภาษาไทย 3) แบบประเมินอาการทางจิต Brief Psychiatric Rating Scale และ 4) แบบประเมินการเกิดอาการเคลื่อนไหวผิดปกติ Modified Simpson Angus Scale การศึกษาติดตามผู้ป่วยเป็นระยะเวลา 20 สัปดาห์ ผลการศึกษา: กลุ่มตัวอย่าง 34 ราย แบ่งเป็นกลุ่มทดลอง 16 รายและกลุ่มควบคุม 18 ราย ซึ่งได้รับยา trihexyphenidyl ในขนาดเฉลี่ย 4.13 ± 3.56 มก./วัน และ 5.50 ± 3.85 มก./วัน ตามลำดับ (P>0.05) ผู้ป่วยส่วนใหญ่ได้รับยารักษาอาการทางจิตชนิดดั้งเดิม หลังจากสิ้นสุดการศึกษาสัปดาห์ที่ 20 พบว่า กลุ่มทดลองมีการรับรู้เพิ่มขึ้นเฉลี่ย 2.63 คะแนน [95%CI 1.46,3.80] อย่างมีนัยสำคัญทางสถิติ คุณภาพชีวิตในด้านความสัมพันธ์ทางสังคมในกลุ่มทดลองเพิ่มขึ้นมากกว่ากลุ่มควบคุมในสัปดาห์ที่ 20 (12.06 ± 2.17 และ 9.72 ± 2.61, ตามลำดับ; P=0.008) สำหรับอาการทางจิตของทั้งสองกลุ่มนั้นพบว่า คะแนนรวมมีค่าลดลงอย่างมีนัยสำคัญทางสถิติ โดยในกลุ่มทดลองลดลงจาก 26.06 ± 9.71 เป็น 19.56 ± 2.61 คะแนน (P=0.003) การเกิดอาการเคลื่อนไหวผิดปกติระหว่างกลุ่มพบว่ามีความแตกต่างกันอย่างไม่มีนัยสำคัญทางสถิติ (P>0.05) สรุปผล: การหยุดยา trihexyphenidyl ทำให้การรับรู้ คุณภาพชีวิตในด้านความสัมพันธ์ทางสังคมและอาการทางจิตของผู้ป่วยดีขึ้น ผู้ป่วยที่หยุดยามีความปลอดภัย และพบอาการเคลื่อนไหวผิดปกติได้น้อย


	 

ที่มา

วารสารเภสัชกรรมไทย ปี 2566, April-June
ปีที่: 15 ฉบับที่ 2 หน้า 477-490

คำสำคัญ

Quality of life, Schizophrenia, คุณภาพชีวิต, โรคจิตเภท, คุณภาพชี่วิต, การรับรู้, cognitive function, anticholinergic, trihexyphenidyl, แอนติโคลิเนอร์จิก, ไตรเฮ็กซีเฟนนิดิล





ดาวน์โหลด



แจ้งลิงค์เสีย















"
http://db.hitap.net/articles/3665,"





Health-related Quality of Life in Children and Adolescents with Graves’ Disease
Pontipa Engkakul*, วิราภรณ์ ยอดวิศิษฎ์ศักดิ์

Department of Pediatrics, Faculty of Medicine, Thammasat University, 95 Paholyothin Road, Klong Luang, Pathum Thani 12120, Thailand; Phone: +66-2-9269514, Fax: +66-2-9269513; Email: eporntip@staff.tu.ac.th







บทคัดย่อ

	
		Background: Graves’ disease is the most common cause of hyperthyroidism in children. In adults, it influences physical and mental health as well as health-related quality of life (QoL) of the patients. However, study of QoL in children has been limited.
	
		Objective: To measure QoL in children with Graves’ disease by means of the PedsQL™ and EQ-5D-Y by using Thai version questionnaires.
	
		Materials and Methods: A cross-sectional descriptive study examined 21 Graves’ disease patients with the mean age 13.6 ± 3.1 years. All of the participants and their care givers reported the PedsQL™ questionnaires and 20 participants older than eight years completed the EQ-5D-Y questionnaires.
	
		Results: The total mean QoL scores by child- and parent-report PedsQL™ questionnaires were 85.4±17.8 and 82.1±16.3, respectively. Both reported the lowest scores in the emotional functioning domain. The scores by child and parent reports were not different except in the school domain, in which parents reported lower scores. For the EQ-5D-Y questionnaires, 40% of the children reported problems in the domain of having pain or discomfort and 40% reported problems in the domain of feeling worried, sad, or unhappy. Mean (±SD) EQ-5D visual analogue scale value was 86.5±12.0.
	
		Conclusion: Children and adolescents with Graves’ disease reported their lowest QoL life scores in the domain of emotional functioning, followed by the physical functioning domains. However, the total QoL score was not lower than the total QoL scores in the previous studies of general healthy populations.


	 

ที่มา

วารสารจดหมายเหตุทางการแพทย์ ปี 2566, January
ปีที่: 106 ฉบับที่ 1 หน้า 35-40

คำสำคัญ

Quality of life, Health-related quality of life, children, Graves’ disease





ดาวน์โหลด



แจ้งลิงค์เสีย















"
http://db.hitap.net/articles/3673,"





Quality of Life of Psoriatic Patients Assessed by SF-36 in Rajavithi Hospital
Onsiri Serirat

Department of Medicine, Rajavithi Hospital, 2 Phayathai Road, Rachathewi, Bangkok 10400, Thailand; Phone: +66-2-2062900 ext. 60115; Email: onsirish@gmail.com







บทคัดย่อ

	
		Objective: To assess the quality of life (QOL) and related factors in psoriatic patients.
	
		Materials and Methods: A cross-sectional study was conducted of 145 out-patients with psoriasis in Rajavithi Hospital. SF-36 mean scores were recorded for eight dimensions, physical function (PF), role limitations due to physical problems (RP), role limitations due to emotional problems (RE), vitality (VT); bodily pain (BP), general health (GH), social function (SF), and mental health (MH). The relationships between factors and QOL were explored using Pearson’s correlation coefficient.
	
		Results: The mean age was 46.27±16.25 years, and 55.2% were male. Average BMI was 25.40±5.45 kg/m², and the mean duration of psoriasis was 48 months. The median PASI score was 10, and 62% had a PASI score of 10 or less. The main areas of involvement were skin (77.2%), scalp (59.3%), and nails (44.8%). The QOL scores ranged from 35.67 to 72.00 with the highest score for bodily pain (72.00±21.86), followed by physical role (71.90±36.67), and emotional role (67.82±37.56). Female, smoking, underlying diseases, and area of involvement were associated with QOL.
	
		Conclusion: Demographic, behavioral, and psoriasis-specific factors are associated with QOL.


	 

ที่มา

วารสารจดหมายเหตุทางการแพทย์ ปี 2566, March
ปีที่: 106 ฉบับที่ 3 หน้า 244-250

คำสำคัญ

Quality of life, SF-36, Psoriasis





ดาวน์โหลด



แจ้งลิงค์เสีย















"
http://db.hitap.net/articles/3684,"





Impact of post-meal spot marching exercise in individuals with type 2 diabetes mellitus:A randomized clinical trial
พลลพัฏฐ์ ยงฤทธิปกรณ์*, Patcharin Kumsong, เสาวนีย์ นาคมะเร็ง, รวยริน ชนาวิรัตน์

School of Physical Therapy, Faculty of Associated Medical Sciences, Khon Kaen University, Khon Kaen Province, Thailand; E-mail address: ponlapat@kku.ac.th







บทคัดย่อ

	
		 Background: For meaningful HbA1c reduction, improvement of cardiovascular risk profile, and weight loss, the current recommendation for people with type 2 diabetes mellitus (T2DM) is a minimum of 150 min/week of physical exercise. Post-meal exercise was both safe and effective in improving glycemic profiles in people with T2DM. However, the effects of post-meal spot marching exercise (PMSME) on glycemic control, exercise tolerance, leg muscle strength, and quality of life (QoL) in individuals with T2DM have not yet been investigated.
	
		Objectives: Aim of this study was to investigate the effect of PMSME on glycemic control, exercise tolerance, leg muscle strength, and QoL in individuals with T2DM.
	
		Materials and methods: Participants aged 50-70 were randomly allocated to the exercise or control groups (N=12 each). Participants in both groups received standard treatment following the Standards of Medical Care in Diabetes 2019. Only the exercise group performed moderate-intensity PMSME for 15 minutes per set, 3 sets per day, 4 days per week for 8 weeks. All participants underwent fasting plasma glucose (FPG), hemoglobin A1c (HbA1c), Three-Minute Step Test (TMST), Five Times Sit to Stand Test (FTSST), and the 36-item Short Form Survey (SF-36) at baseline and at the end of this study.
	
		Results: At baseline, there were no differences in outcomes between the two groups. At post-intervention period, the exercise group showed significant improvements in HbA1c (7.99 vs. 9.16%), heart rate recovery in the first minute after completion of the TMST (99.83 vs 113.58 bpm), FTSST (8.44 vs 10.02 sec), and SF-36 (physical function [82.50 vs. 67.50 scores], physical role [75.00 vs. 50.00 scores], vitality [75.00 vs. 57.50 scores], and total score [76.19 vs 62.81 scores] domains) compared to the control group (p<0.05).
	
		Conclusion: PMSME could be used as an alternative home-based exercise to improve glycemic control, exercise tolerance, functional leg muscle strength and QoL in T2DM patients.


	 

ที่มา

Journal of Associated Medical Sciences ปี 2566, May-August
ปีที่: 56 ฉบับที่ 2 หน้า 39-46

คำสำคัญ

Type 2 diabetes mellitus, Physical activity, Glycemic control, post-meal exercise





ดาวน์โหลด



แจ้งลิงค์เสีย















"
http://db.hitap.net/articles/3710,"





Cost-Utility Analysis of Biologic Disease-Modifying Antirheumatic Drugs for Patients With Psoriatic Arthritis in Thailand
ปิยเมธ ดิลกธรสกุล, ราตรี สว่างจิตร, Manathip Osiri, Praveena Chiowchanwisawakit, Worawit Louthrenoo, อัญชลี เพิ่มสุวรรณ*

Center for Medical and Health Technology Assessment, Chiang Mai University, Chiang Mai, Thailand; Department of Pharmaceutical Care, Chiang Mai University, Chiang Mai, Thailand; Email: unchalee.permsuwan@gmail.com







บทคัดย่อ

	
		Objectives: This study aimed to assess the cost-effectiveness of biologic disease-modifying antirheumatic drugs (bDMARDs) for treating patients with psoriatic arthritis who failed conventional synthetic disease-modifying antirheumatic drugs (csDMARDs).
	
		Methods: A decision tree and Markov model were constructed to capture long-term costs and outcomes from a societal perspective. Patients with psoriatic arthritis who failed 2 previous csDMARDs were modeled over a 3-month cycle with a lifetime horizon. Clinical probabilities were derived from a published meta-analysis. Prices of bDMARDs were proposed by pharmaceutical companies. Other costs and utilities were based on data in Thailand. All costs and outcomes were discounted at a 3% annual rate. Incremental cost-effectiveness ratio and a series of sensitivity analyses were performed.
	
		Results: All 11 bDMARDs (3 infliximab originator and biosimilars, 2 etanercept originator and biosimilar, golimumab, 2 secukinumab 150 mg and 300 mg, 3 adalimumab biosimilars) gained better quality-adjusted life-years (QALYs) with more costly than csDMARDs. Infliximab had the highest QALYs compared with other bDMARDs. Only secukinumab 150 mg showed the incremental cost-effectiveness ratio below the Thai threshold of 5152 US dollars per QALY. Cost of bDMARDs was the most influential factor.
	
		Conclusions: At the current price, secukinumab 150 mg shows the value for money in the Thai context. Price negotiation is of great importance for other bDMARDs.
	
		 


	 

ที่มา

Value in Health Regional Issues ปี 2566, March
ปีที่: 34 ฉบับที่  หน้า 40-47

คำสำคัญ

Cost-effectiveness analysis, Cost-utility analysis, Economic evaluation, biologic disease-modifying antirheumatic drugs, psoriatic arthritis





ดาวน์โหลด



แจ้งลิงค์เสีย















"
http://db.hitap.net/articles/3713,"





การประเมินทางเศรษฐศาสตร์ของการผ่าตัดผ่านกล้องเปรียบเทียบกับการผ่าตัดแบบเปิดในการรักษานิ่วในถุงน้ำดี
อรรถสิทธิ์  ศรีสุบัติ*, อรุณี ไทยะกุล, สุธาลักษณ์ ขวัญเจริญทรัพย์, ณัฐธยา สง่า, สุรวุฒิ ไผ่ประเสริฐ, รัชมน ภิญโญเทพประทาน, องอาจ วิจินธนสาร, ทวีชัย วิษณุโยธิน, ไพวิทย์ ศรีพัฒน์พิริยกุล, พิชัย พงศ์มั่นจิต, เฉลิมพล บุญมี, วิบูลย์ ภัณฑบดีกรณ์, อรรณพ วิเศษชู, วิริยะ กัลปพฤกษ์, ยศ ตีระวัฒนานนท์

สถาบันวิจัยและประเมินเทคโนโลยีทางการแพทย์ กรมการแพทย์ กระทรวงสาธารณสุข อ.เมือง จ.นนทบุรี 11000






บทคัดย่อ

	
		ภูมิหลัง: การผ่าตัดนิ่วในถุงน้ำดีแบบผ่านกล้องเป็นที่นิยมแพร่หลายและมีประสิทธิผลมากกว่าแบบเปิดช่องท้อง แต่มีต้นทุนที่สูงกว่า
	
		วัตถุประสงค์: ประเมินต้นทุน-ประสิทธิผลของการผ่าตัดผ่านกล้องเปรียบเทียบกับแบบเปิดในการผ่าตัดนิ่วในถุงน้ำดี
	
		วิธีการ: ประเมินทางเศรษฐศาสตร์แบบวิเคราะห์ต้นทุน-อรรถประโยชน์โดยใช้แผนภูมิการตัดสินใจ (decision tree) ในมุมมองผู้ให้บริการและทางสังคม โดยเก็บข้อมูลต้นทุนการผ่าตัดในโรงพยาบาล 9 แห่ง
	
		ค่าอรรถประโยชน์และตัวแปรต่าง ๆ ของการผ่าตัดทั้ง 2 วิธีได้จากการทบทวนวรรณกรรม ผล: ผู้ป่วยที่ได้รับการผ่าตัดแบบเปิดมีต้นทุนเฉลี่ยต่อรายเป็นเงิน 11,185.42 บาทในมุมมองของผู้ให้บริการ และ 19,340.50 บาทในมุมมองทางสังคม ซึ่งน้อยกว่าแบบผ่านกล้องที่มีต้นทุนเฉลี่ยต่อรายเป็นเงิน 21,011.14 บาทในมุมมองของผู้ให้บริการ และ 23,963.60 บาทในมุมมองทางสังคม ผลต่างของต้นทุนระหว่างการผ่าตัดผ่านกล้องและการผ่าตัดแบบเปิดเป็นเงิน 9,825.72 บาทในมุมมองผู้ให้บริการ และ 4,623.10
	
		บาทในมุมมองทางสังคม ค่าปีสุขภาวะ (quality adjusted life year; QALY) จากการทบทวนวรรณกรรมของการผ่าตัดผ่านกล้องเป็น 0.894 และการผ่าคัดแบบเปิดเป็น 0.800 อัตราส่วนต้นทุนส่วนเพิ่มต่ออรรถประโยชน์ส่วนเพิ่ม (incremental costeffectiveness ratio; ICER) เท่ากับ 104,528.94 บาทต่อปี
	
		สุขภาวะในมุมมองของผู้ให้บริการ และ 49,181.91 บาทต่อปี สุขภาวะในมุมมองของสังคม
	
		สรุป: การผ่าตัดนิ่วในถุงน้ำดีแบบผ่านกล้องมีความคุ้มค่า เนื่องจากต้นทุนอรรถประโยชน์ส่วนเพิ่มใน
	
		มุมมองของสังคมมีค่าต่ำว่าเกณฑ์ความคุ้มค่าของประเทศไทยที่กำหนดไว้เท่ากับ 160,000 บาทต่อปีสุขภาวะ
	
		 


	 

ที่มา

Journal of The Department of Medical Services ปี 2566, January-March
ปีที่: 48 ฉบับที่ 1 หน้า 93-103

คำสำคัญ

cost-effectiveness, Laparoscopic cholecystectomy, Open cholecystectomy, นิ่วในถุงน้ำดี, Economic evaluation, การประเมินทางเศรษฐศาสตร์, Gall stone, การผ่าตัดแบบเปิด, การผ่าตัดผ่านกล้อง





ดาวน์โหลด



แจ้งลิงค์เสีย















"
http://db.hitap.net/articles/3714,"





การประเมินทางเศรษฐศาสตร์ของการใช้สารสกัดกัญชาชนิดซีบีดีสูงในการรักษาโรคลมชักดื้อยาในเด็ก
อาภาศรี ลุสวัสดิ์*, ปาณิสรา สุดาจันทร์, อรรถสิทธิ์  ศรีสุบัติ, ณัฏฐิญา ค้าผล, น้ำฝน ศรีบัณฑิต

Pediatric Neurology Department, Neurological Institute of Thailand, Rajavithi Road, Ratchathewi, Bangkok, 10400; E-mail: lusawat@hotmail.com







บทคัดย่อ

	
		ภูมิหลัง: โรคลมชักดื้อยาหมายถึง โรคลมชักที่รักษาด้วยยากันชัก 2 ตัวแล้วไม่สามารถหยุดชักได้ ซึ่งพบประมาณร้อยละ 30 ในผู้ป่วยโรคลมชัก ถึงแม้ว่าสารสกัดกัญชาจะมีหลักฐานว่ามีประสิทธิผลในการลดชักในผู้ป่วยโรคลมชักดื้อยาในเด็ก แต่ความคุ่มค่าของสารสกัดกัญชานี้ยังไม่ชัดเจน
	
		วัตถุประสงค์: เพื่อประเมินความคุ้มค่าของสารสกัดกัญชาชนิดซีบีดีสูงในโรคลมชักดื้อยาในเด็ก
	
		วิธีการ: วิเคราะห์ต้นทุน-อรรถประโยชน์ โดยการใช้แบบจำลองมาร์คอฟด้วยมุมมองทางสังคมแบบจำลองถูกพัฒนาเพื่อเปรียบเทียบต้นทุนและปีสุขภาวะ (QALYs) ของการใช้สารสกัดกัญชาชนิดซีบีดีสูงร่วมกับยากันชักกับการรักษาด้วยยากันชักปกติในโรคลมชักดื้อยาในเด็กข้อมูลต้นทุนเก็บรวบรวมจากสถาบันประสาทวิทยาความน่าจะเป็นของการตอบสนองทางคลินิกและค่าอรรถประโยชน์ได้จากการทบทวนวรรณกรรม ประเมินความคุ้มค่าโดยใช้อัตราส่วนต้นทุนและประสิทธิผลส่วนเพิ่มในมูลค่าเงินของปี พ.ศ. 2563 วิเคราะห์ความไม่แน่นอนทางเดียวของตัวแปรและด้วยวิธีอาศัยความน่าจะเป็น
	
		ผล: ค่าใช้จ่ายทั้งหมดและ QALYs ของกลุ่มที่ใช้สารสกัดกัญชาเทียบกับกลุ่มที่ไม่ได้ใช้ คือ 3,178,112 บาทกับ 3,027,659 บาทและ21.88 กับ 21.07 ปีสุขภาวะตามลำดับ อัตราส่วนต้นทุนประสิทธิผลส่วนเพิ่ม (ICER) คือ 187,108 บาท/QALY การวิเคราะห์ความไม่แน่นอนทางเดียวของตัวแปรพบว่าตัวแปรที่มีความไวและมีผลมากที่สุดต่อการเปลี่ยนแปลง ICER 3 ลำดับแรก คือ ค่าความเสี่ยงสัมพัทธ์ของการเกิดอาการไม่พึงประสงค์ของภาวะชักต่อเนื่อง ความน่าจะเป็นของการเปลี่ยนสถานะสุขภาพจากหยุดชักเป็นไม่ตอบสนอง
	
		(relapse) และ ค่าความเสี่ยงสัมพัทธ์ชองการหยุดชักของกลุ่มสารสกัดกัญชาชนิดซีบีดีสูงเทียบกับยากันชักปกติตามลำดับ เมื่อวิเคราะห์ราคายาที่ทำให้เกิดความคุ้มค่าทางเศรษฐศาสตร์เพิ่มเติมโดยการคำนวณราคาของสารสกัดกัญชาชนิดซีบีดีสูงที่เหมาะสมกับความเต็มใจจ่าย 160,000 บาท พบว่าหากราคาของสารสกัดกัญชาซีบีดีสูงลดลงเหลือ 1,630 บาทต่อ 1,000 มิลลิกรัม (ลดลงร้อยละ 14.2) จะทำให้การใช้สารสกัดกัญชาชนิดซีบีดีสูงในการรักษาโรคลมชักดื้อยาในเด็กมีความคุ้มค่า ซึ่งจะสามารถลดภาระงบประมาณของประเทศได้อีกด้วย
	
		สรุป: สารสกัดกัญชาชนิดซีบีดีสูงไม่คุ้มค่าในการรักษาโรคลมชักดื้อยาในเด็กแต่ถ้าลดราคาลงร้อยละ 14.2
	
		จะทำให้เพิ่มโอกาสคุ้มค่าได้


	 

ที่มา

Journal of The Department of Medical Services ปี 2566, April-June
ปีที่: 48 ฉบับที่ 2 หน้า 118-127

คำสำคัญ

Cost-effectiveness analysis, การประเมินทางเศรษฐศาสตร์, Pediatric drug-resistant epilepsy, CBD-enriched, การรักษาโรคลมชักดื้อยาในเด็ก, สารสกัดกัญชาชนิดซีบีดี





ดาวน์โหลด



แจ้งลิงค์เสีย















"
http://db.hitap.net/articles/3717,"





การศึกษาติดตามลักษณะการใช้และคุณภาพชีวิตของผู้ใช้น้ำมันกัญชาขมิ้นทองในผู้ป่วยรับบริการคลินิกกัญชาทางการแพทย์แผนไทยในสถานพยาบาลเขตสุขภาพที่ 8
ปรเมษฐ์ กิ่งโก้

สำนักงานสาธารณสุขจังหวัดอุดรธานี อ.เมือง จ.อุดรธานี 41000






บทคัดย่อ

	
		 ตำรับน้ำมันกัญชาขมิ้นทองเป็นตำรับยาที่มีกัญชาปรุงผสม ที่กรมการแพทย์แผนไทยและการแพทย์ทางเลือก ให้การรับรอง และกระทรวงสาธารณสุขประกาศเป็นตำรับเพื่อการรักษาโรคหรือการศึกษาวิจัย โดยการวิจัยนี้เป็นการ วิจัยแบบกึ่งทดลอง (Quasi-experimental research design) มีวัตถุประสงค์ เพื่อศึกษาลักษณะการสั่งใช้ยา คุณภาพชีวิต และอาการไม่พึงประสงค์ของผู้ใช้น้ำมันกัญชาขมิ้นทอง ในผู้ป่วยนอกที่มารับการรักษาในคลินิกแพทย์แผนไทยใน สถานพยาบาล เขตสุขภาพที่ 8 จำนวน 32 แห่ง ระหว่างเดือนพฤศจิกายน 2564–ตุลาคม 2565 ติดตามผลการรักษาเดือนที่ 1 และ 3 เก็บข้อมูลโดยใช้โปรแกรม R8-COT ผลการศึกษา พบว่า ผู้ป่วยที่แพทย์สั่งใช้ยาน้ำมันกัญชาขมิ้นทอง จำนวน 224 คน เป็นเพศหญิง ร้อยละ 56.25 มีอายุเฉลี่ย 53 ± 13.35 ปี มีข้อบ่งใช้ส่วนใหญ่ คือ ไมเกรน ร้อยละ 46.88 รองลงมาคือ อาการปวด ร้อยละ 29.02 นอนไม่หลับ ร้อยละ 16.96 และอาการอื่น ๆ ได้แก่ สะเก็ดเงิน มะเร็ง พาร์กิน สัน และภูมิแพ้ ร้อยละ 7.14 ขนาดเริ่มต้นที่มีการสั่งใช้อยู่ในช่วง 2-3 หยดต่อวัน รูปแบบการสั่งใช้เริ่มต้นส่วนใหญ่ คือ 2 หยด วันละ 1 ครั้ง ก่อนนอน ส่วนใหญ่ไม่ได้รับการปรับขนาดยา (ร้อยละ 92.86) การปรับขนาดยาในครั้งที่ 2 และ 3 ปรับเป็น 3 หยดต่อวัน (ร้อยละ 73.21 และ ร้อยละ 81.70 ตามลำดับ) ด้านคุณภาพชีวิตจากค่า ESAS พบว่าความทุกข์ ทรมานในผู้ป่วยทั้ง 9 ด้านลดลงอย่างมีนัยสำคัญทางสถิติ (p-value < 0.001) และแบบสอบถาม EQ-5D-5L พบว่า ค่าอรรถประโยชน์เฉลี่ยเพิ่มขึ้นอย่างมีนัยสำคัญทางสถิติ (p-value < 0.001) เมื่อเปรียบเทียบก่อนเริ่มการรักษาและได้รับ การรักษาครบ 3 เดือน จึงสรุปได้ว่า การใช้น้ำมันกัญชาขมิ้นทองช่วยเพิ่มคุณภาพชีวิตของผู้ป่วย และมีความปลอดภัย แม้จะพบอาการไม่พึงประสงค์แต่เป็นเหตุการณ์ที่ไม่รุนแรง จึงสามารถพิจารณาเป็นการรักษาที่เป็นทางเลือกให้กับผู้ป่วยได้


	 

ที่มา

วารสารการแพทย์แผนไทยและการแพทย์ทางเลือก ปี 2566, January-April
ปีที่: 21 ฉบับที่ 1 หน้า 102-118

คำสำคัญ

Quality of life, คุณภาพชีวิต, Adverse events, คุณภาพชี่วิต, cannabis, treatment patterns, กัญชา, อาการไม่พึงประสงค์, golden turmeric cannabis oil formula, ตำรับน้ำมันกัญชาขมิ้นทอง, ลักษณะการสั่งใช้ยา





ดาวน์โหลด



แจ้งลิงค์เสีย















"
http://db.hitap.net/articles/3718,"





การศึกษาประสิทธิผลและความปลอดภัยของยาสหัศธาราต่อภาวะเส้นประสาทส่วนปลายเสื่อมบริเวณขาส่วนล่าง ในผู้ป่วยเบาหวานชนิดที่ 2
ปภาวี พรหมสูงวงษ์*, พรรณกร พันธ์กอง, กชพรรณ ชูพงษ์, สุริยนต์ โคตรชมภู, วิราศิณี อึ้งสำราญ, ธวัชชัย กมลธรรม

สาขาวิชาการแพทย์แผนไทยประยุกต์ มหาวิทยาลัยราชภัฏสวนสุนันทา แขวงดุสิต เขตดุสิต กรุงเทพมหานคร 10300






บทคัดย่อ

	
		บทนำและวัตถุประสงค์: ภาวะระบบประสาทส่วนปลายเสื่อมในผู้ป่วยโรคเบาหวาน มีอาการแสดงของอาการปวด อาการชา สูญเสียความรู้สึก นำไปสู่การเกิดแผล การติดเชื้อ การถูกตัดเท้า และสูญเสียชีวิต ยาสหัศธาราเป็นยาสมุนไพรในบัญชียาหลักแห่งชาติ มีข้อบ่งใช้ ขับลมในเส้น แก้โรคลมกองหยาบ บรรเทาอาการปวดกล้ามเนื้อปวดข้อ ลดอาการเกร็งมือ และชาท้า โดยมีวัตถุประสงค์เพื่อศึกษาประสิทธิผลและความปลอดภัยของยาสหัศธาราต่อผู้ที่มีภาวะเส้นประสาทส่วนปลายเสื่อมบริเวณขาส่วนล่าง ในผู้ป่วยเบาหวานชนิดที่ 2 รวมไปถึงศึกษาความสัมพันธ์ต่อคุณภาพชีวิตผู้ป่วยเบาหวานชนิดที่ 2 ที่ได้รับยาสหัศธารา
	
		วิธีการศึกษา: การศึกษานี้เป็นการศึกษาเชิงทดลอง (experimental research) โดยการสุ่มเปรียบเทียบแบบปกปิดทั้ง 2 ทาง (double-blinded, randomized controlled trial) ผู้ที่มีภาวะเส้นประสาทส่วนปลายเสื่อมบริเวณขาส่วนล่างในผู้ป่วยเบาหวานชนิดที่ 2 ที่มีอายุ 45-75 ปี ที่เข้ารับบริการคลินิกโรคเบาหวาน โรงพยาบาลคลองหลวง หน่วยบริการโรงพยาบาลส่งเสริมสุขภาพตำบลคลองหนึ่งจำนวน 62 คน แบ่งเป็นกลุ่มที่ 1 ได้รับยาสหัศธาราและกลุ่มที่ 2 ได้รับยาหลอกขนาดรับประทาน 500 มิลลิกรัม ครั้งละ 2 แคปซูล วันละ 3 ครั้ง ก่อนอาหารติดต่อกัน 28 วัน ทั้ง 2 กลุ่มจะได้รับการเสริมวิตามิน บี1 ครั้งละ 1 เม็ด หลังอาหารเช้า คัดกรองภาวะระบบประสาทส่วนปลายเสื่อมด้วย The Michigan Neuropathy Screening Instrument (MNSI) ประเมินประสิทธิผลด้วยแบบความเจ็บปวด Short – form McGill ประเมินอาการทางระบบรับความรู้สึกด้วย The Neuropathy Total Symptom Score-6 (NTSS-6) ประเมินคุณภาพชีวิตผู้ป่วยเบาหวานด้วย Diabetes-39
	
		ผลการศึกษา: กลุ่มที่ได้รับยาสหัศธาราการเปลี่ยนแปลงของคะแนนความเจ็บปวด McGill ลดลง -1.66 คะแนน (95%CI: -2.23, -1.09) คะแนนรวมของอาการทางระบบรับความรู้สึก 6 อาการ ลดลง -1.24 คะแนน (95%CI: -1.83, -0.64) อาการเจ็บปวดตึง ๆ ลดลง -0.69 คะแนน (95%CI: -0.85, -0.53) และอาการมึนชา ลดลง -0.62 คะแนน (95%CI: -0.76, -0.48) ประเมินคุณภาพชีวิต Diabetes-39 มิติด้านความมีเรี่ยวแรงและความกระปรี้กระเปร่าคะแนนผลกระทบลดลง -5.27 คะแนน (95%CI: -6.81, -3.72)
	
		อภิปรายผล:พบว่าคะแนนความเจ็บปวดและคะแนนของอาการทางระบบรับความรู้สึก ได้แก่ อาการเจ็บปวด ตึง ๆ และมึนชา คะแนนคุณภาพชีวิตมิติด้านความมีเรี่ยวแรงและความกระปรี้กระเปร่า ในกลุ่มที่ได้รับยาสหัศธารา ลดลงแตกต่างกันกับกลุ่มยาหลอกอย่างมีนัยสำคัญทางสถิติ (p-value < 0.05) นอกจากนี้ค่าการทำงานของตับและไต อยู่ในเกณฑ์ปกติ พบอาการไม่พึงประสงค์ ได้แก่ อาการปวดแสบร้อนท้อง ปากแห้ง คอแห้ง เวียนศีรษะและท้องผูก ระดับความรุนแรงอยู่ในระดับน้อยถึงปานกลาง
	
		ข้อสรุปและข้อเสนอแนะ: ผลการศึกษาแสดงให้เห็นว่าการรับประทานยาสหัศธาราในผู้ป่วยเบาหวานชนิด ที่ 2 ที่มีภาวะเส้นประสาทส่วนปลายเสื่อมบริเวณขาส่วนล่าง ติดต่อกันเป็นเวลา 28 วัน ช่วยลดอาการทางระบบรับ ความรู้สึก อาการปวดและอาการมึนชา เพิ่มคุณภาพชีวิตด้านมิติด้านความมีเรี่ยวแรงและความกระปรี้กระเปร่า และไม่พบอาการไม่พึงประสงค์ที่รุนแรง


	 

ที่มา

วารสารการแพทย์แผนไทยและการแพทย์ทางเลือก ปี 2566, May-August
ปีที่: 21 ฉบับที่ 2 หน้า 245-262

คำสำคัญ

ผู้ป่วยเบาหวานชนิดที่ 2, Ya Sahatsathara, diabetic peripheral neuropathy of lower legs, patients with type 2 diabetic mellitus, ยาสหัศธารา, ภาวะเส้นประสาทส่วนปลายเสื่อมบริเวณขาส่วนล่าง





ดาวน์โหลด



แจ้งลิงค์เสีย















"
http://db.hitap.net/articles/3719,"





การศึกษาเปรียบเทียบประสิทธิผล ผลข้างเคียงและคุณภาพชีวิตของยาธาตุบรรจบกับยาไซเมทิโคน ในผู้ป่วยที่มีอาการท้องอืดไม่ทราบสาเหตุ ของสถานีอนามัยเฉลิมพระเกียรติ 6 รอบ พระชนมพรรษา จังหวัดปทุมธานี
วรกานต์ มุกประดับ*, ธวัชชัย กมลธรรม

มหาวิทยาลัยราชภัฏสวนสุนันทา แขวงดุสิิต เขตดุสิต กรุงเทพมหานคร 10300






บทคัดย่อ

	
		 บทนำและวัตถุประสงค์: ในปัจจุบันโรคดีสเปปเซีย เป็นภาวะที่พบได้บ่อยที่สุดในโรคระบบทางเดินอาหาร ใน เวชปฏิบัติปฐมภูมิ จะเป็นผู้ป่วยประเภทไม่ทราบสาเหตุ การศึกษานี้ต้องการศึกษาเปรียบเทียบประสิทธิผล ผลข้างเคียง และคุณภาพชีวิตของผู้ป่วยจากการใช้ยาธาตุบรรจบกับยาไซเมทิโคน ในผู้ป่วยที่มีอาการท้องอืดไม่ทราบสาเหตุ ซึ่งเป็น ยาที่มีการสั่งจ่ายเพื่อรักษาอาการท้องอืด โดยหวังว่าผลการศึกษาที่ได้จะเป็นข้อมูลสำคัญที่อาจสนับสนุนให้มีการใช้ ยาธาตุบรรจบในการรักษาอาการท้องอืดต่อไป
	
		วิธีการศึกษา: การศึกษาครั้งนี้เป็นการศึกษาทางคลินิก กลุ่มตัวอย่างเป็นผู้ป่วยที่มีอาการท้องอืดเรื้อรังโดยไม่ ทราบสาเหตุ โดยแบ่งเป็นกลุ่มทดลองที่ได้รับยาธาตุบรรจบ และกลุ่มควบคุมซึ่งได้รับยาไซเมทิโคน ยาทั้งสองชนิด รับ ประทานครั้งละ 1 แคปซูล ก่อนอาหาร กลุ่มละ 40 คน เป็นเวลา 7 วัน โดยใช้แบบสอบถามการประเมิน Severity of Dyspepsia Assessment (SODA) แบบประเมิน Naranjo’s algorithm และแบบประเมินคุณภาพชีวิตขององค์การอนามัย โลกชุดย่อ การวิเคราะห์ข้อมูลใช้สถิติพรรณนา คำนวณสถิติพื้นฐาน paired Samples t-test และ independent samples t-test
	
		ผลการศึกษา: การเปรียบเทียบประสิทธิผลการใช้ยาธาตุบรรจบและยาไซเมทิโคน ในการรักษาผู้ป่วยก่อนและ หลังรับประทาน ไม่แตกต่างกันอย่างมีนัยสำคัญทางสถิติ (p-value < 0.001) โดยกลุ่มที่ได้รับยาธาตุบรรจบมีค่าการ ประเมินอาการระหว่างก่อนและหลังรับประทานยาไม่แตกต่างกันไปกว่ากลุ่มที่ได้รับยาไซเมทิโคน โดยมีค่าเฉลี่ย -5.32 ± 3.63 คะแนน และ -7.82 ± 2.89 คะแนน ตามลำดับ ซึ่งทั้งสองกลุ่มมีผลข้างเคียงจากการใช้ยาธาตุบรรจบและยาไซเมทิ โคน คือ หิวบ่อย ร้อยละ 22.5 และ 10 ตามลำดับ นอนไม่หลับ ร้อยละ 0 และ 10 ตามลำดับ ผลคะแนนคุณภาพชีวิตโดย รวมระหว่างก่อนและหลังรับประทานยาทั้งสองกลุ่มอยู่ในเกณฑ์ไม่แตกต่างกันอย่างมีนัยสำคัญทางสถิติ โดยมีค่าเฉลี่ย 9.82 ± 3.38 คะแนน และ 8.57 ± 3.30 คะแนน ตามลำดับ
	
		อภิปรายผล: จากผลการเปรียบเทียบประสิทธิผลการใช้ยาธาตุบรรจบและยาไซเมทิโคนในการรักษาผู้ป่วยที่มี อาการท้องอืดไม่ทราบสาเหตุ ก่อนและหลังรับประทาน ไม่แตกต่างกันอย่างมีนัยสำคัญทางสถิติ (p < 0.001) การศึกษา ผลข้างเคียงการใช้ยาธาตุบรรจบพบว่ามีอาการหิวบ่อยและท้องผูก ส่วนการใช้ยาไซเมทิโคนพบว่ามีอาการปวดเมื่อยและ นอนไม่หลับ โดยผลคะแนนคุณภาพชีวิตโดยรวมระหว่างก่อนและหลังรับประทานยาทั้งสองกลุ่มอยู่ในเกณฑ์ไม่แตก ต่างกันอย่างมีนัยสำคัญทางสถิติ (p < 0.001) ข้อสรุปและข้อเสนอแนะ: ผลการศึกษาแสดงให้เห็นว่า สามารถเลือกใช้ยาธาตุบรรจบเป็นยาลำดับแรก ใน การบรรเทาอาการท้องอืดไม่ทราบสาเหตุทดแทนยาไซเมทิโคนได้ และผลข้างเคียงที่พบต้องมีการศึกษาทางคลินิก ในระยะยาวร่วมด้วย
	
		 


	 

ที่มา

วารสารการแพทย์แผนไทยและการแพทย์ทางเลือก ปี 2566, May-August
ปีที่: 21 ฉบับที่ 2 หน้า 263-278

คำสำคัญ

Functional dyspepsia, Simethicone, Ya That Banchop, ยาธาตุบรรจบ, ยาไซเมทิโคน, อาการท้องอืดไม่ทราบสาเหตุ





ดาวน์โหลด



แจ้งลิงค์เสีย















"
http://db.hitap.net/articles/3720,"





การศึกษาประสิทธิผลและความปลอดภัยของสารสกัดตำรับยาเบญจอำมฤตย์ ในผู้ป่วยโรคมะเร็งเซลล์ตับ: การศึกษาทางคลินิกระยะที่ 2
มณฑกา ธีรชัยสกุล*, ธนุตม์ ก้วยเจริญพานิชก์, นิยม ชีพเจริญรัตน์, ชุลีพร ทองบ่อ, กมลวรรณ บานชื่น, วิวรรณ วรกุลพาณิชย์, ธวัชชัย กมลธรรม

กองสมุนไพรเพื่อเศรษฐกิจ กรมการแพทย์แผนไทยและการแพทย์ทางเลือก กระทรวงสาธารณสุข ต.ตลาดขวัญ อ.เมือง จ.นนทบุรี 11000






บทคัดย่อ

	
		บทนำและวัตถุประสงค์: โรคมะเร็งตับเป็นสาเหตุของการเสียชีวิตที่สำคัญของประชากรทั่วโลกรวมถึง ประเทศไทย ซึ่งปัจจุบันมีการใช้ยาสมุนไพรไทย “เบญจอำมฤตย์” ร่วมรักษาแบบบูรณาการแก่ผู้ป่วยมะเร็งตับโดย แพทย์แผนไทย ณ สถานพยาบาลของรัฐ แต่ยังไม่มีข้อมูลการศึกษาทางคลินิกเพื่อยืนยันประสิทธิผลของตำรับยาเบญจ อำมฤตย์ การศึกษาวิจัยนี้มีวัตถุประสงค์เพื่อศึกษาประสิทธิผลของสารสกัดตำรับยาเบญจอำมฤตย์ต่ออัตราการรอด ชีวิตของผู้ป่วยมะเร็งตับ
	
		วิธีการศึกษา: การศึกษาวิจัยทางคลินิกระยะที่ 2 แบบสุ่ม มีกลุ่มควบคุมและปกปิดสองทาง ในผู้ป่วยมะเร็ง เซลล์ตับที่มี Child-Pugh score class A หรือ B ที่ไม่สามารถรับการรักษามาตรฐานได้ โดยใช้อัตราส่วนกลุ่มทดลองที่ ได้รับสารสกัดตำรับยาเบญจอำมฤตย์ต่อกลุ่มควบคุมที่ได้รับยาหลอกที่ 2 ต่อ 1 อาสาสมัครทั้งสองกลุ่มได้รับขนาดยา ตามน้ำหนักตัวตลอดระยะเวลาวิจัย ติดตามผลทั้งสิ้น 5 ครั้ง ทุก 28 วัน เป็นเวลาทั้งหมด 140 วัน ประเมินอัตราการ รอดชีวิต อาการทางคลินิก คุณภาพชีวิต (Thai Modified Function Living Index Cancer Questionnaire Version 2 (T-FLIC 2)) วิเคราะห์ผลแบบ Intention to treat (ITT) ด้วยสถิติ Kaplan-Meier method, log-rank test, Cox proportional hazard model, Mann Whitney U Test, Chi-square test หรือ Fisher’s exact test, Generalized Estimating Equations (GEE) หรือ Multi-level model (Mixed model) ด้วยโปรแกรม STATA version 14
	
		ผลการศึกษา: พบว่ามีผู้เข้าร่วมวิจัย 45 ราย (จาก 81 ราย; อัตราส่วน 32:13) ที่อยู่ในกระบวนการทดลองจน จบ เมื่อสิ้นสุดการศึกษา (12 เดือน) มีผู้เข้าร่วมวิจัย 40 รายเสียชีวิต (88.89%) แบ่งเป็นกลุ่มควบคุมจำนวน 13 ราย (ร้อยละ 100) และกลุ่มทดลองจำนวน 27 ราย (ร้อยละ 84.38) ซึ่งเมื่อเปรียบเทียบทั้งสองกลุ่มพบว่าอัตรารอดชีวิตไม่ ต่างกัน (crude hazard ratio (HR) = 0.67, 95% CI = 0.34-1.31) อภิปรายผล: เมื่อปรับตัวแปรที่มีอิทธิพลคือ เพศ, อายุ, ขนาดก้อนมะเร็ง, อาการสำคัญ และระดับ Alpha-fetoprotein (AFP) พบว่า สารสกัดตำรับยาเบญจอำมฤตย์เป็นปัจจัยป้องกันการเสียชีวิตของผู้ป่วยมะเร็งตับอย่างมีนัย สำคัญทางสถิติ (adjusted HR = 0.25, 95% CI = 0.06-0.97, p-value = 0.046) ทั้งนี้ยังพบว่าอาการท้องอืด (HR = 3.54, 95% CI = 1.017-11.71, p-value = 0.046) เป็นปัจจัยที่เพิ่มความเสี่ยงในการเสียชีวิตของผู้ป่วยมะเร็งตับ อย่างไรก็ตาม ไม่พบความแตกต่างอย่างมีนัยสำคัญทางสถิติของคุณภาพชีวิตในผู้เข้าร่วมวิจัยทั้งสองกลุ่มนอกจากนี้ไม่พบรายงาน อาการไม่พึงประสงค์ที่รุนแรงจากการใช้สารสกัดตำรับยาเบญจอำมฤตย์
	
		ข้อสรุปและข้อเสนอแนะ: การศึกษาครั้งนี้แสดงให้เห็นว่า สารสกัดตำรับยาเบญจอำมฤตย์เป็นปัจจัยหนึ่งที่ ช่วยลดการตายของผู้ป่วยมะเร็งเซลล์ตับได้


	 

ที่มา

วารสารการแพทย์แผนไทยและการแพทย์ทางเลือก ปี 2566, May-August
ปีที่: 21 ฉบับที่ 2 หน้า 279-295

คำสำคัญ

ประสิทธิผล, Efficacy, Hepatocellular carcinoma, Efﬁcacy, traditional medicine formula, Benja Amarit, extract, survival rate, ตำรับยาเบญจอำมฤตย์, สารสกัด, มะเร็งเซลล์ตับ, อัตราการรอดชีวิต





ดาวน์โหลด



แจ้งลิงค์เสีย















"
http://db.hitap.net/articles/3726,"





Cost-Effectiveness Analysis between Percutaneous Endoscopic Lumbar Discectomy (PELD) and Conventional Lumbar Discectomy for Herniated Nucleus Pulposus (HNP)
Pornpavit Sriphirom, Anuchit Vejjaijiva*, ชลิดา เขมวรานันท์

Department of Orthopedics Surgery, Rajavithi Hospital, Phayathai Road, Ratchathewi, Bangkok 10400, Thailand; Phone: +66-2-3548108-9, Fax: +66-2-4844808; Email: joyanuchit@gmail.com







บทคัดย่อ

	
		Background: Herniated nucleus pulposus (HNP) occurs when the annulus fibrosus is weakened and torn. Because research is limited, evidence is unclear as to whether percutaneous endoscopic lumbar discectomy (PELD) is superior to conventional surgery for patients with lumbar disc herniation in Thailand, particularly in terms of the costs for all treatment options.
	
		Objective: To evaluate from societal and hospital perspectives the clinical outcomes, cost, and cost-effectiveness of PELD, and conventional lumbar discectomy (CLD) in patients with herniated discs.
	
		Materials and Methods: The decision tree model was developed to capture the cost and effectiveness for patients with herniated discs under both procedures. Pre- and postoperative evaluations were performed with the Oswestry Disability Index (ODI), visual analog scale (VAS) for health state valuation and pain score. The following surgical variables were collected from medical records and analyzed, surgical time, blood loss, and presence
	
		of complications, length of hospital stay, and total days off. The cost of each surgery was collected from the hospital database and references.
	
		Results: Statistically significant differences were found in the length of hospital stay, surgical time, blood loss, size of the incision, the number of days off, and the ODI score. The cost of PELD was lower than CLD from the societal perspective but higher than CLD from the hospital perspective. The incremental cost-effectiveness ratio (ICER) was 29,742.92 Baht per ODI score from the societal perspective.
	
		Conclusion: PELD seemed to be more cost-effective than CLD in the present study.


	 

ที่มา

วารสารจดหมายเหตุทางการแพทย์ ปี 2566, August
ปีที่: 106 ฉบับที่ 8 หน้า 802-807

คำสำคัญ

Cost-effectiveness analysis, Percutaneous endoscopic lumbar discectomy, Herniated nucleus pulposus





ดาวน์โหลด



แจ้งลิงค์เสีย















"
http://db.hitap.net/articles/3731,"





คุณภาพชีวิตของผู้ป่วยภาวะหัวใจล้มเหลวเรื้อรังชนิดที่มีการบีบตัวของหัวใจห้องซ้ายลดลง
วรธิมา อยู่ดี*, อัญชลี เพิ่มสุวรรณ

คณะเภสัชศาสตร์ มหาวิทยาลัยเชียงใหม่ อำเภอเมือง จังหวัดเชียงใหม่ 50200 โทรศัพท์/โทรสาร 053-944342 อีเมล voratima.silavanich@gmail.com






บทคัดย่อ

	
		งานวิจัยนี้มีวัตถุประสงค์เพื่อวัดอรรถประโยชน์ และหาปัจจัยที่มีผลต่ออรรถประโยชน์ของผู้ป่วยภาวะหัวใจล้มเหลวเรื้อรังชนิดที่มีการบีบตัวของหัวใจห้องซ้ายลดลง (heart failure with reduced ejection fraction, HFrEF) วิธีวิจัย: งานวิจัยนี้ทำการศึกษารูปแบบภาคตัดขวางในผู้ป่วยหัวใจล้มเหลวเรื้อรังชนิด HFrEF ที่เข้ารับบริการ ณ แผนกผู้ป่วยนอก โรงพยาบาลมหาราชนครเชียงใหม่ ระหว่างวันที่ 1 กรกฎาคม ถึง วันที่ 31 ธันวาคม 2558 เครื่องมือที่ใช้วัดคุณภาพชีวิต คือ EuroQol five dimensional questionnaire (EQ-5D) ประกอบด้วยแบบสอบถาม 2 ส่วน คือแบบสอบถาม 5 มิติทางสุขภาพ และเป็นการวัดสุขภาพทางตรงด้วยสเกล visual analog scale (VAS) ในการวัดอรรถประโยชน์ วิเคราะห์ข้อมูลด้วยสถิตเชิงพรรณา สถิติ chi-square ใช้หาความสัมพันธ์ระหว่างคุณภาพชีวิตเชิงอรรถประโยชน์กับลักษณะพื้นฐานของกลุ่มตัวอย่าง ผลงานวิจัย: ผู้ป่วยภาวะหัวใจล้มเหลวจำนวน 180 คน ถูกคัดเข้าการศึกษา อายุเฉลี่ย 63.1±11.7 ปี โดยเป็นเพศชาย ร้อยละ 61.1 คะแนนอรรถประโยชน์เฉลี่ย และ คะแนนเฉลี่ยของ VAS เท่ากับ 0.88 ± 0.10 คะแนน และ 78.29 ± 11.97 คะแนน ตามลำดับ กลุ่มตัวอย่างประมาณครึ่งหนึ่ง ไม่มีปัญหาด้านการเคลื่อนไหว และ ไม่มีปัญหาด้านอาการเจ็บปวดหรือไม่สบายตัว ในขณะที่กลุ่มตัวอย่างประมาณร้อยละ 60 ไม่มีปัญหาด้านกิจกรรมที่ทำเป็นประจำ และไม่มีปัญหาด้านความวิตกกังวลและความซึมเศร้า โดยกลุ่มตัวอย่างเกือบทั้งหมด ร้อยละ 95.6 ไม่มีปัญหาด้านการดูแลตัวเอง เมื่อพิจารณาปัจจัยที่ส่งผลต่อคะแนนอรรถประโยชน์โดยรวมของสุขภาพในทุกๆ ด้าน พบว่า อายุที่มากขึ้น จำนวนโรคร่วม (ตั้งแต่ 4 โรค) และจำนวนชนิดของยาเฉลี่ยที่ใช้ต่อวัน (ตั้งแต่ 6 ชนิด) ปัจจัยต่างๆเหล่านี้มีผลทำให้คะแนนอรรถประโยชน์ตํ่าลงอย่างมีนัยสำคัญทางสถิติ (p-value=0.005, p-value=0.012 และ p-value=0.007 ตามลำดับ) สำหรับปัจจัยที่มีผลต่อคะแนน VAS ได้แก่ ระดับการศึกษา ระยะเวลาที่วินิจฉัยว่าเป็นภาวะหัวใจล้มเหลว และ การที่มีประวัติเข้ารับการรักษาตัวในโรงพยาบาลด้วยภาวะหัวใจล้มเหลวเฉียบพลัน มีผลให้คะแนน VAS ตํ่าลงอย่างมีนัยสำคัญทางสถิติ (p-value=0.019, p-value=0.040 และ p-value= 0.040 ตามลำดับ) สรุป: ผู้ป่วยภาวะหัวใจล้มเหลวเรื้อรังในการศึกษานี้มีคุณภาพชีวิตอยู่ในระดับค่อนข้างดี อย่างไรก็ตามปัจจัยที่อาจส่งผลให้คุณภาพชีวิตลดลง ได้แก่ อายุที่เพิ่มขึ้น จำนวนโรคร่วม และจำนวนชนิดของยา การเฝ้าระวังปัจจัยเหล่านี้ จะช่วยเพิ่มคุณภาพชีวิตในผู้ป่วยภาวะหัวใจล้มเหลวเรื้อรังชนิด HFrEF


	 

ที่มา

วารสารเภสัชศาสตร์อีสาน ปี 2566, January-March
ปีที่: 91 ฉบับที่ 1 หน้า 15-31

คำสำคัญ

EQ-5D, Health utility, Chronic heart failure, คุณภาพชีวิตเชิงอรรถประโยชน์, ภาวะหัวใจล้มเหลวเรื้อรัง





ดาวน์โหลด



แจ้งลิงค์เสีย















"
http://db.hitap.net/articles/3740,"





Cost-effectiveness analysis of HLA-B*13:01 screening for the prevention of co-trimoxazole-induced severe cutaneous adverse reactions among HIV-infected patients in Thailand
Warittakorn Kategeaw, Nontaya Nakkam, Sasisopin Kiertiburanakul, Chonlaphat Sukasem, Wicittra Tassaneeyakul, ณธร ชัยญาคุณาพฤกษ์*

Department of Pharmacotherapy, College of Pharmacy The University of Utah, 30 2000 E, Salt Lake City, UT 84112, USA; Email: Nathorn.chaiyakunapruk@utah.edu







บทคัดย่อ

	
		Studies found a strong association between HLA-B*13:01 allele and co-trimoxazole-induced severe cutaneous adverse reactions (SCARs). Genetic screening before initiation of co-trimoxazole may decrease the incidence of co-trimoxazole-induced SCARs. This study aims to evaluate the cost-effectiveness of HLA-B*13:01 screening before co-trimoxazole initiation in HIV-infected patients in Thailand. A combination of a decision tree model and a Markov model was used to estimate lifetime costs and outcomes of two strategies including 1) HLA-B*13:01 screening before co-trimoxazole initiation and 2) usual practice from a societal perspective. Alternative drugs are not considered because dapsone (the second-line drug) also presents a genetic risk. Input parameters were obtained from literature, government documents, and part of the TREAT Asia HIV Observational Database (TAHOD). One-way sensitivity analyses and probabilistic analyses were performed to determine robustness of the findings. HLA-B*13:01 screening resulted in 0.0061 quality-adjusted life years (QALYs) loss with an additional cost of 370 THB ($11.84). At the cost-effectiveness threshold of 160,000 THB ($5,112.85), the probability of the genetic screening strategy being cost-effective is 9.54%. This analysis demonstrated that HLA-B*13:01 allele screening before initiation of co-trimoxazole among HIV-infected patients is unlikely to be cost-effective in Thailand. Our findings will help policymakers make an evidence-informed decision making.
	
		 


	 

ที่มา

Journal of Medical Economics ปี 2566, 
ปีที่: 26 ฉบับที่ 1 หน้า 1330-1341

คำสำคัญ

HIV, Safety, HLA-B*13:01 genotyping, severe cutaneous adverse HLA-B*13:01 genotyping, severe cutaneous adverse reactions, SCARs, cotrimoxazole, costeffectiveness





ดาวน์โหลด



แจ้งลิงค์เสีย















"
http://db.hitap.net/articles/3741,"





A cost-effectiveness analysis of national smoking cessation services among chronic obstructive pulmonary disease patients in Thailand
Ratthanon Prasitwarachot, Kednapa Thavorn, Chanthawat Patikorn, Somkiat Wattanasirichaigoon, สุทัศน์ รุ่งเรืองหิรัญญา, Araya Thongphiew, ณธร ชัยญาคุณาพฤกษ์*

Department of Pharmacotherapy, College of Pharmacy, University of Utah, Salt Lake City, UT, USA;j IDEAS Center, Veterans Affairs Salt Lake City Healthcare System, Salt Lake City, UT, USA; Email: nathorn.chaiyakunapruk@utah.edu







บทคัดย่อ

	
		Aims: Thailand’s national smoking cessation services (FAH-SAI clinics) were founded in 2010. A cost-effectiveness analysis (CEA) is needed to inform policymakers of the allocation and prioritization of the limited budget to maximize the value for money of reimbursing these services. Chronic obstructive pulmonary disease (COPD) patients would benefit from smoking cessation services. Therefore, this study aimed to assess the cost-effectiveness of these multidisciplinary services compared to the usual care among COPD patients in Thailand from a societal perspective.
	
		Methods: We conducted a CEA from a societal perspective using a Markov model to simulate lifetime costs and quality-adjusted life years (QALYs) gained by each smoking cessation intervention over the patient’s lifetime. We derived the effectiveness of the smoking cessation services from a multicenter, longitudinal study of smoking cessation services in Thailand and estimated the natural quit rate, transition probabilities, health utility, and cost data from the published literature. Costs and outcomes were discounted at 3%. Sensitivity analyses were performed.
	
		Results: Compared to the usual care, FAH-SAI clinics were associated with higher costs (4,207 THB (US$133)) and improved QALYs (0.11), with an incremental cost-effectiveness ratio of 37,675 THB/QALY (US$1,187/QALY). The effectiveness of FAH-SAI clinics was a key driver of the cost-effectiveness results. At the willingness-to-pay (WTP) threshold of 160,000 THB (US$5,042) per QALY gained, the probability of being cost-effective was 96.5%.
	
		Conclusions: FAH-SAI clinics were cost-effective under Thailand’s WTP threshold. Our results could inform policymakers in allocating resources to support smoking cessation services for COPD patients in Thailand.


	 

ที่มา

Journal of Medical Economics ปี 2566, 
ปีที่: 26 ฉบับที่ 1 หน้า 1377-1385

คำสำคัญ

Thailand, Cost-effectiveness analysis, Smoking cessation, Economic evaluation, chronic obstructivepulmonary disease





ดาวน์โหลด



แจ้งลิงค์เสีย















"
http://db.hitap.net/articles/3758,"





การศึกษาเปรียบเทียบคุณภาพชีวิตของผู้ป่วยแผลเรื้อรังที่ใช้อุปกรณ์ทำแผลขั้นสูงเทียบกับอุปกรณ์ทำแผลพื้นฐาน
Saranyoo Suwansa-Ard*, Chitcha Worachedphokin, Phumiphat Artwichai

Division of Plastic and Reconstructive Surgery, Department of Surgery, Yala Hospital, Yala 95000, Thailand; e-mail: s.saranyoo@gmail.com







บทคัดย่อ

	
		Background: A chronic wound affects people’s physical, emotional, and economic well-being. Advance wound dressing has improved wound healing and reduced costs, yet there has been no mention of patient quality of life in articles. In this study, we contrast the quality of life for chronic wound patients utilizing advanced wound dressing and conventional wound dressing.
	
		Material and Methods: This research was prospective cohort study in the Yala Hospital from July 1, 2022 to March 31, 2023.
	
		Results: 50 patients with chronic wounds underwent advanced wound dressing after receiving conventional wound dressing. There were 26 females (52%) and 24 males (48%) among them. Advance wound dressing outperformed conventional wound dressing in all subscale categories and overall quality of life (p = 0.00) when compared to each other. Female sex (p = 0.01), wound size 2–5 cm (p = 0.00), self-dressing (p = 0.00), and hydrocolloid dressing material (p = 0.00) were significantly linked to this improved overall quality of life in patients adopting advance wound dressing.
	
		Conclusion: Advanced wound dressing materials improved the quality of life for individuals with chronic wounds compared to conventional wound dressings.


	 

ที่มา

Journal of the Association of General Surgeons of Thailand under the Royal Patronage of HM the King ปี 2566, 
ปีที่: 8 ฉบับที่ 2 หน้า 35-45

คำสำคัญ

Quality of life, Chronic wound, advance wound dressing





ดาวน์โหลด



แจ้งลิงค์เสีย















"
http://db.hitap.net/articles/3759,"





คุณภาพชีวิตที่เกี่ยวข้องกับสุขภาพของผู้ป่วยนอกที่มีภาวะซึมเศร้าที่รับการรักษาด้วยยาต้านอาการซึมเศร้า ณ โรงพยาบาลจุฬาลงกรณ์
จิรดา ประสาทพรศิริโชค, ณัทธร พิทยรัตน์เสถียร*, ณภัทร์ ศิรินิ่มนวลกุล, ชญานิษฐ์ พูลวรลักษณ์, ธนภรณ์ ออมทวีทรัพย์, ศศิธร พลสิทธิ์, นิมมาวดี หิรัญวัฒนะ, ธีรยุทธ รุ่งนิรันดร

โรงพยาบาลจุฬาลงกรณ์ สภากาชาดไทย






บทคัดย่อ

	
		วัตถุประสงค์: เพื่อสำรวจคุณภาพชีวิตที่เกี่ยวข้องกับสุขภาพ (HRQoL) ในผู้ป่วยนอกที่มีภาวะซึมเศร้าที่รับการรักษาด้วยยาแก้ซึมเศร้าที่มาเยี่ยมโรงพยาบาลจุฬาลงกรณ์ในช่วงเดือนมีนาคม-กรกฎาคม 2565 และตรวจสอบความแตกต่าง ในคุณภาพชีวิตที่เกี่ยวข้องกับสุขภาพระหว่างผู้ป่วยที่มีภาวะซึมเศร้าที่ดื้อต่อการรักษาและผู้ป่วยที่มีภาวะซึมเศร้าที่ตอบสนองต่อการรักษา
	
		วิธีการ: การศึกษาเชิงพรรณนานี้ประกอบด้วยการสำรวจภาคตัดขวางของผู้ป่วยโรคซึมเศร้าจำนวน 500 ราย โดยใช้แบบสอบถามคุณภาพชีวิตด้านสุขภาพแบบสั้น 36 ฉบับภาษาไทย และการทบทวนย้อนหลังของ บันทึกทางการแพทย์ของผู้ป่วยเพื่อประเมินว่าผู้ป่วยตอบสนองต่อการรักษาภาวะซึมเศร้าหรือไม่ มีการตรวจสอบความแตกต่างระหว่างคุณภาพชีวิตของผู้ป่วยซึมเศร้าทั้งสองประเภทโดยใช้การทดสอบทีอิสระ
	
		ผลลัพธ์: คุณภาพชีวิตที่เกี่ยวข้องกับสุขภาพของผู้ป่วยโรคซึมเศร้าที่ดื้อต่อการรักษานั้นแย่กว่าผู้ป่วยโรคซึมเศร้าที่ตอบสนองต่อการรักษาอย่างมีนัยสำคัญในมิติของข้อจำกัดของบทบาทเนื่องจากสุขภาพกาย ( ความแตกต่างเฉลี่ย = -13.581, P<0.001, d ของโคเฮน = -0.380), สุขภาพทั่วไป (ความแตกต่างเฉลี่ย = -7.070, P = 0.003, d ของโคเฮน = -0.332), ข้อจำกัดของบทบาทเนื่องจากปัญหาทางอารมณ์ (ความแตกต่างเฉลี่ย = -14.358, P<0.001, d ของโคเฮน = -0.432), ความมีชีวิตชีวา (ค่าเฉลี่ยความแตกต่าง = -13.479, P<0.001, d ของโคเฮน = -0.858), การทำหน้าที่ทางสังคม (ความแตกต่างเฉลี่ย = -20.514, P<0.001, d ของโคเฮน = -0.801) และสุขภาพจิต (ค่าเฉลี่ยความแตกต่าง = -13.855, P < 0.001, d ของโคเฮน = -0.907)
	
		สรุป: การศึกษานี้ยืนยันว่าคุณภาพชีวิตที่เกี่ยวข้องกับสุขภาพของผู้ป่วยโรคซึมเศร้าที่ดื้อต่อการรักษานั้นแย่กว่าผู้ป่วยซึมเศร้าที่ตอบสนองต่อการรักษาในเกือบทุกด้านอย่างมีนัยสำคัญทางสถิติ การทำความเข้าใจภาวะซึมเศร้าที่ดื้อต่อการรักษาสามารถส่งผลดีต่อคุณภาพชีวิตในระยะยาวของผู้ป่วยภาวะซึมเศร้าได้


	 

ที่มา

วารสารสมาคมจิตแพทย์แห่งประเทศไทย ปี 2566, July-September
ปีที่: 68 ฉบับที่ 3 หน้า 254-264

คำสำคัญ

Health-related quality of life, คุณภาพชีวิตที่เกี่ยวข้องกับสุขภาพ, major depressive disorder (MDD), treatment-resistant depression (TRD), treatment-response depression, antidepressants, โรคซึมเศร้าที่สำคัญ (MDD), ภาวะซึมเศร้าที่ดื้อต่อการรักษา (TRD), ภาวะซึมเศร้าที่ตอบสนองต่อการรักษา, ยาแก้ซึมเศร้า





ดาวน์โหลด



แจ้งลิงค์เสีย















"
